customer_id,name,gender,age,city,account_type,join_date
CUST00001,Customer 1,M,48,Pune,Salary,2020-11-25
CUST00002,Customer 2,M,53,Delhi,Savings,2021-10-12
CUST00003,Customer 3,M,58,Kolkata,Salary,2024-10-04
CUST00004,Customer 4,M,27,Chennai,Current,2024-09-09
CUST00005,Customer 5,M,51,Bangalore,Current,2024-07-22
CUST00006,Customer 6,F,52,Ahmedabad,Fixed Deposit,2025-07-02
CUST00007,Customer 7,F,59,Ahmedabad,Savings,2021-10-10
CUST00008,Customer 8,M,47,Mumbai,Current,2021-04-14
CUST00009,Customer 9,F,56,Kolkata,Fixed Deposit,2024-12-15
CUST00010,Customer 10,M,22,Bangalore,Fixed Deposit,2025-04-02
CUST00011,Customer 11,F,47,Hyderabad,Savings,2022-03-28
CUST00012,Customer 12,F,57,Pune,Fixed Deposit,2022-05-14
CUST00013,Customer 13,M,48,Delhi,Savings,2023-03-17
CUST00014,Customer 14,M,75,Delhi,Savings,2023-05-15
CUST00015,Customer 15,F,50,Mumbai,Salary,2024-04-29
CUST00016,Customer 16,M,68,Chennai,Fixed Deposit,2023-03-05
CUST00017,Customer 17,F,68,Kolkata,Salary,2023-11-03
CUST00018,Customer 18,F,26,Kolkata,Savings,2025-07-31
CUST00019,Customer 19,F,29,Kolkata,Savings,2020-12-13
CUST00020,Customer 20,M,75,Hyderabad,Fixed Deposit,2024-01-12
CUST00021,Customer 21,M,18,Kolkata,Salary,2025-04-03
CUST00022,Customer 22,F,36,Ahmedabad,Fixed Deposit,2022-03-24
CUST00023,Customer 23,M,25,Ahmedabad,Fixed Deposit,2021-05-18
CUST00024,Customer 24,F,55,Bangalore,Savings,2023-09-12
CUST00025,Customer 25,M,59,Hyderabad,Current,2023-03-06
CUST00026,Customer 26,M,46,Delhi,Fixed Deposit,2022-02-19
CUST00027,Customer 27,M,55,Bangalore,Savings,2023-02-13
CUST00028,Customer 28,F,48,Mumbai,Fixed Deposit,2021-02-21
CUST00029,Customer 29,F,23,Delhi,Savings,2021-06-08
CUST00030,Customer 30,F,55,Pune,Current,2022-09-09
CUST00031,Customer 31,M,23,Ahmedabad,Current,2021-05-28
CUST00032,Customer 32,M,25,Delhi,Fixed Deposit,2025-06-08
CUST00033,Customer 33,M,39,Chennai,Savings,2022-06-10
CUST00034,Customer 34,M,41,Kolkata,Current,2021-04-26
CUST00035,Customer 35,M,71,Delhi,Salary,2024-06-03
CUST00036,Customer 36,F,49,Mumbai,Fixed Deposit,2021-12-24
CUST00037,Customer 37,F,39,Ahmedabad,Salary,2024-12-31
CUST00038,Customer 38,M,62,Bangalore,Salary,2025-09-15
CUST00039,Customer 39,M,51,Kolkata,Current,2022-07-19
CUST00040,Customer 40,M,65,Bangalore,Salary,2021-03-17
CUST00041,Customer 41,M,22,Delhi,Salary,2022-01-18
CUST00042,Customer 42,M,30,Bangalore,Fixed Deposit,2023-05-13
CUST00043,Customer 43,M,64,Kolkata,Current,2023-08-12
CUST00044,Customer 44,M,22,Bangalore,Savings,2020-12-29
CUST00045,Customer 45,F,56,Ahmedabad,Savings,2020-11-23
CUST00046,Customer 46,F,64,Kolkata,Salary,2022-02-26
CUST00047,Customer 47,F,29,Pune,Savings,2023-08-30
CUST00048,Customer 48,M,74,Chennai,Savings,2024-05-11
CUST00049,Customer 49,F,22,Delhi,Salary,2024-09-29
CUST00050,Customer 50,F,27,Chennai,Salary,2022-07-08
CUST00051,Customer 51,M,33,Ahmedabad,Fixed Deposit,2025-09-15
CUST00052,Customer 52,M,24,Ahmedabad,Savings,2025-07-28
CUST00053,Customer 53,F,35,Kolkata,Fixed Deposit,2023-04-06
CUST00054,Customer 54,F,25,Pune,Current,2024-04-21
CUST00055,Customer 55,M,70,Mumbai,Savings,2023-08-26
CUST00056,Customer 56,F,25,Delhi,Salary,2022-04-01
CUST00057,Customer 57,F,26,Mumbai,Fixed Deposit,2022-04-20
CUST00058,Customer 58,F,63,Kolkata,Fixed Deposit,2025-07-15
CUST00059,Customer 59,M,42,Bangalore,Fixed Deposit,2024-09-14
CUST00060,Customer 60,M,64,Delhi,Savings,2021-02-21
CUST00061,Customer 61,M,18,Mumbai,Fixed Deposit,2022-10-23
CUST00062,Customer 62,F,75,Bangalore,Current,2021-02-13
CUST00063,Customer 63,F,37,Mumbai,Current,2023-12-22
CUST00064,Customer 64,M,63,Hyderabad,Salary,2023-05-22
CUST00065,Customer 65,M,30,Pune,Fixed Deposit,2023-08-22
CUST00066,Customer 66,M,58,Ahmedabad,Salary,2023-10-31
CUST00067,Customer 67,F,32,Ahmedabad,Fixed Deposit,2021-10-22
CUST00068,Customer 68,F,36,Mumbai,Current,2024-11-26
CUST00069,Customer 69,F,42,Pune,Salary,2024-02-16
CUST00070,Customer 70,F,33,Kolkata,Salary,2021-03-07
CUST00071,Customer 71,F,42,Hyderabad,Savings,2021-03-11
CUST00072,Customer 72,M,74,Delhi,Salary,2023-02-12
CUST00073,Customer 73,F,52,Hyderabad,Savings,2025-02-28
CUST00074,Customer 74,F,74,Pune,Fixed Deposit,2023-08-08
CUST00075,Customer 75,F,33,Delhi,Current,2023-05-06
CUST00076,Customer 76,F,35,Hyderabad,Fixed Deposit,2025-09-21
CUST00077,Customer 77,F,69,Mumbai,Savings,2024-05-08
CUST00078,Customer 78,M,41,Pune,Fixed Deposit,2021-07-19
CUST00079,Customer 79,F,33,Ahmedabad,Salary,2022-04-15
CUST00080,Customer 80,F,64,Delhi,Fixed Deposit,2024-01-12
CUST00081,Customer 81,F,63,Kolkata,Savings,2023-08-15
CUST00082,Customer 82,F,49,Pune,Salary,2022-11-02
CUST00083,Customer 83,F,68,Chennai,Savings,2022-06-03
CUST00084,Customer 84,F,47,Chennai,Fixed Deposit,2024-08-03
CUST00085,Customer 85,M,51,Bangalore,Current,2024-01-30
CUST00086,Customer 86,M,31,Delhi,Current,2021-10-12
CUST00087,Customer 87,M,41,Ahmedabad,Current,2023-07-01
CUST00088,Customer 88,M,63,Mumbai,Salary,2023-03-12
CUST00089,Customer 89,F,64,Chennai,Current,2024-08-23
CUST00090,Customer 90,M,37,Chennai,Current,2023-09-10
CUST00091,Customer 91,M,75,Hyderabad,Fixed Deposit,2024-03-03
CUST00092,Customer 92,F,74,Chennai,Savings,2021-02-25
CUST00093,Customer 93,M,65,Hyderabad,Salary,2023-02-05
CUST00094,Customer 94,M,50,Bangalore,Fixed Deposit,2025-08-14
CUST00095,Customer 95,M,33,Bangalore,Salary,2023-11-05
CUST00096,Customer 96,F,52,Pune,Fixed Deposit,2024-12-04
CUST00097,Customer 97,F,36,Bangalore,Fixed Deposit,2024-11-22
CUST00098,Customer 98,M,54,Kolkata,Current,2024-10-11
CUST00099,Customer 99,M,75,Kolkata,Salary,2023-04-20
CUST00100,Customer 100,F,57,Delhi,Savings,2025-07-21
CUST00101,Customer 101,F,52,Hyderabad,Fixed Deposit,2022-11-10
CUST00102,Customer 102,M,62,Mumbai,Fixed Deposit,2024-09-06
CUST00103,Customer 103,M,35,Chennai,Savings,2024-11-30
CUST00104,Customer 104,F,62,Bangalore,Fixed Deposit,2024-02-09
CUST00105,Customer 105,F,52,Delhi,Fixed Deposit,2024-11-23
CUST00106,Customer 106,F,75,Bangalore,Fixed Deposit,2024-10-07
CUST00107,Customer 107,F,72,Ahmedabad,Fixed Deposit,2025-05-29
CUST00108,Customer 108,M,20,Mumbai,Fixed Deposit,2020-12-10
CUST00109,Customer 109,M,54,Chennai,Salary,2024-06-23
CUST00110,Customer 110,M,40,Bangalore,Fixed Deposit,2025-07-22
CUST00111,Customer 111,F,30,Delhi,Salary,2020-11-26
CUST00112,Customer 112,F,33,Hyderabad,Salary,2022-12-04
CUST00113,Customer 113,F,49,Ahmedabad,Current,2021-03-22
CUST00114,Customer 114,M,73,Hyderabad,Current,2020-12-30
CUST00115,Customer 115,F,64,Hyderabad,Salary,2022-12-25
CUST00116,Customer 116,M,55,Hyderabad,Fixed Deposit,2025-01-01
CUST00117,Customer 117,M,46,Kolkata,Salary,2023-11-21
CUST00118,Customer 118,M,73,Pune,Salary,2022-05-20
CUST00119,Customer 119,F,24,Ahmedabad,Salary,2024-04-25
CUST00120,Customer 120,F,69,Kolkata,Fixed Deposit,2022-10-24
CUST00121,Customer 121,F,69,Pune,Savings,2023-10-05
CUST00122,Customer 122,F,30,Mumbai,Fixed Deposit,2023-03-14
CUST00123,Customer 123,F,38,Pune,Savings,2024-07-19
CUST00124,Customer 124,F,23,Bangalore,Fixed Deposit,2021-06-20
CUST00125,Customer 125,M,36,Ahmedabad,Savings,2023-03-24
CUST00126,Customer 126,F,32,Hyderabad,Salary,2023-11-17
CUST00127,Customer 127,M,58,Mumbai,Savings,2024-03-05
CUST00128,Customer 128,F,24,Chennai,Current,2021-06-19
CUST00129,Customer 129,F,19,Pune,Fixed Deposit,2021-04-27
CUST00130,Customer 130,F,23,Delhi,Salary,2024-11-30
CUST00131,Customer 131,M,51,Kolkata,Savings,2023-09-12
CUST00132,Customer 132,M,22,Chennai,Fixed Deposit,2022-05-03
CUST00133,Customer 133,F,48,Kolkata,Salary,2022-02-04
CUST00134,Customer 134,F,61,Mumbai,Savings,2022-05-31
CUST00135,Customer 135,F,39,Ahmedabad,Savings,2021-06-17
CUST00136,Customer 136,M,57,Mumbai,Salary,2024-07-13
CUST00137,Customer 137,F,45,Ahmedabad,Current,2022-01-26
CUST00138,Customer 138,F,27,Chennai,Salary,2022-09-25
CUST00139,Customer 139,M,61,Mumbai,Current,2021-04-12
CUST00140,Customer 140,F,36,Delhi,Salary,2022-09-22
CUST00141,Customer 141,F,30,Pune,Current,2025-03-13
CUST00142,Customer 142,F,40,Kolkata,Savings,2025-08-21
CUST00143,Customer 143,F,58,Chennai,Salary,2025-03-12
CUST00144,Customer 144,M,61,Kolkata,Current,2024-08-01
CUST00145,Customer 145,F,43,Mumbai,Savings,2025-02-05
CUST00146,Customer 146,F,42,Bangalore,Fixed Deposit,2024-11-02
CUST00147,Customer 147,F,71,Hyderabad,Fixed Deposit,2020-11-29
CUST00148,Customer 148,M,71,Bangalore,Savings,2022-11-26
CUST00149,Customer 149,M,49,Kolkata,Fixed Deposit,2025-01-05
CUST00150,Customer 150,F,65,Pune,Salary,2024-08-08
CUST00151,Customer 151,F,18,Kolkata,Savings,2023-07-06
CUST00152,Customer 152,F,72,Mumbai,Fixed Deposit,2022-08-31
CUST00153,Customer 153,F,39,Bangalore,Salary,2024-04-22
CUST00154,Customer 154,M,40,Mumbai,Current,2021-03-30
CUST00155,Customer 155,F,49,Ahmedabad,Salary,2025-08-18
CUST00156,Customer 156,M,22,Ahmedabad,Savings,2021-11-18
CUST00157,Customer 157,F,61,Ahmedabad,Fixed Deposit,2025-02-08
CUST00158,Customer 158,M,59,Kolkata,Fixed Deposit,2023-12-26
CUST00159,Customer 159,F,24,Mumbai,Salary,2024-07-25
CUST00160,Customer 160,F,75,Mumbai,Current,2023-05-16
CUST00161,Customer 161,F,24,Hyderabad,Fixed Deposit,2021-08-14
CUST00162,Customer 162,F,74,Pune,Current,2024-03-09
CUST00163,Customer 163,M,65,Hyderabad,Current,2021-02-24
CUST00164,Customer 164,M,42,Kolkata,Current,2023-08-20
CUST00165,Customer 165,M,44,Bangalore,Current,2023-08-18
CUST00166,Customer 166,M,45,Chennai,Fixed Deposit,2021-08-23
CUST00167,Customer 167,M,52,Hyderabad,Current,2024-12-28
CUST00168,Customer 168,F,50,Ahmedabad,Fixed Deposit,2020-11-13
CUST00169,Customer 169,F,35,Kolkata,Salary,2023-08-18
CUST00170,Customer 170,M,67,Kolkata,Salary,2023-12-01
CUST00171,Customer 171,M,18,Ahmedabad,Current,2021-11-21
CUST00172,Customer 172,F,19,Mumbai,Current,2025-05-25
CUST00173,Customer 173,M,68,Pune,Salary,2023-08-07
CUST00174,Customer 174,F,59,Chennai,Fixed Deposit,2023-02-20
CUST00175,Customer 175,F,44,Pune,Savings,2021-06-11
CUST00176,Customer 176,M,34,Bangalore,Fixed Deposit,2024-05-10
CUST00177,Customer 177,M,67,Hyderabad,Fixed Deposit,2024-10-19
CUST00178,Customer 178,M,36,Chennai,Current,2025-01-07
CUST00179,Customer 179,M,33,Bangalore,Fixed Deposit,2025-05-13
CUST00180,Customer 180,F,65,Bangalore,Fixed Deposit,2023-12-23
CUST00181,Customer 181,F,73,Chennai,Savings,2021-04-06
CUST00182,Customer 182,M,68,Chennai,Fixed Deposit,2023-09-12
CUST00183,Customer 183,M,43,Bangalore,Current,2022-10-17
CUST00184,Customer 184,M,73,Kolkata,Salary,2024-11-04
CUST00185,Customer 185,F,50,Ahmedabad,Salary,2021-10-16
CUST00186,Customer 186,F,64,Ahmedabad,Savings,2023-09-10
CUST00187,Customer 187,F,38,Mumbai,Fixed Deposit,2023-11-23
CUST00188,Customer 188,M,45,Kolkata,Salary,2024-05-08
CUST00189,Customer 189,M,41,Bangalore,Salary,2025-09-23
CUST00190,Customer 190,M,25,Ahmedabad,Savings,2021-04-30
CUST00191,Customer 191,M,43,Pune,Savings,2022-12-09
CUST00192,Customer 192,M,39,Delhi,Savings,2023-11-09
CUST00193,Customer 193,F,28,Hyderabad,Fixed Deposit,2023-08-28
CUST00194,Customer 194,M,33,Kolkata,Salary,2024-09-02
CUST00195,Customer 195,F,29,Delhi,Current,2024-12-30
CUST00196,Customer 196,F,25,Delhi,Salary,2022-05-04
CUST00197,Customer 197,F,22,Hyderabad,Current,2022-01-23
CUST00198,Customer 198,F,56,Ahmedabad,Fixed Deposit,2024-09-19
CUST00199,Customer 199,F,50,Pune,Fixed Deposit,2023-10-21
CUST00200,Customer 200,M,33,Pune,Fixed Deposit,2022-10-23
CUST00201,Customer 201,M,75,Hyderabad,Fixed Deposit,2023-08-03
CUST00202,Customer 202,M,65,Mumbai,Fixed Deposit,2023-02-02
CUST00203,Customer 203,F,70,Kolkata,Salary,2025-04-17
CUST00204,Customer 204,F,32,Hyderabad,Salary,2024-10-24
CUST00205,Customer 205,M,57,Kolkata,Current,2024-05-29
CUST00206,Customer 206,F,36,Pune,Savings,2021-08-14
CUST00207,Customer 207,M,64,Kolkata,Salary,2022-06-15
CUST00208,Customer 208,F,23,Delhi,Current,2022-10-09
CUST00209,Customer 209,F,31,Chennai,Current,2024-07-29
CUST00210,Customer 210,M,48,Ahmedabad,Current,2022-08-13
CUST00211,Customer 211,F,72,Mumbai,Salary,2024-09-09
CUST00212,Customer 212,M,40,Ahmedabad,Salary,2021-05-23
CUST00213,Customer 213,M,61,Kolkata,Fixed Deposit,2023-07-10
CUST00214,Customer 214,F,20,Chennai,Salary,2022-12-02
CUST00215,Customer 215,M,67,Mumbai,Current,2024-09-24
CUST00216,Customer 216,M,36,Bangalore,Current,2022-08-21
CUST00217,Customer 217,M,74,Pune,Fixed Deposit,2025-03-06
CUST00218,Customer 218,F,64,Kolkata,Current,2024-12-11
CUST00219,Customer 219,F,56,Pune,Savings,2024-07-15
CUST00220,Customer 220,F,49,Delhi,Fixed Deposit,2021-04-25
CUST00221,Customer 221,M,63,Hyderabad,Current,2025-07-11
CUST00222,Customer 222,M,55,Hyderabad,Current,2024-05-16
CUST00223,Customer 223,M,20,Pune,Salary,2022-04-08
CUST00224,Customer 224,F,58,Delhi,Salary,2025-06-07
CUST00225,Customer 225,M,29,Delhi,Salary,2025-10-26
CUST00226,Customer 226,M,45,Ahmedabad,Salary,2021-12-22
CUST00227,Customer 227,F,52,Pune,Fixed Deposit,2024-12-14
CUST00228,Customer 228,M,27,Pune,Savings,2021-10-31
CUST00229,Customer 229,F,60,Delhi,Salary,2025-01-27
CUST00230,Customer 230,F,36,Ahmedabad,Current,2022-08-15
CUST00231,Customer 231,M,24,Kolkata,Fixed Deposit,2021-10-03
CUST00232,Customer 232,F,65,Ahmedabad,Current,2024-03-13
CUST00233,Customer 233,M,60,Mumbai,Salary,2021-03-29
CUST00234,Customer 234,F,28,Delhi,Fixed Deposit,2023-04-11
CUST00235,Customer 235,M,39,Ahmedabad,Current,2023-01-20
CUST00236,Customer 236,M,34,Kolkata,Salary,2023-04-25
CUST00237,Customer 237,F,54,Bangalore,Fixed Deposit,2024-11-06
CUST00238,Customer 238,F,20,Chennai,Savings,2024-02-13
CUST00239,Customer 239,F,71,Mumbai,Savings,2025-09-25
CUST00240,Customer 240,F,41,Hyderabad,Savings,2023-03-07
CUST00241,Customer 241,F,33,Bangalore,Fixed Deposit,2023-09-30
CUST00242,Customer 242,F,46,Mumbai,Savings,2021-04-13
CUST00243,Customer 243,F,71,Delhi,Fixed Deposit,2025-09-06
CUST00244,Customer 244,M,69,Bangalore,Savings,2023-10-18
CUST00245,Customer 245,F,70,Delhi,Savings,2023-04-06
CUST00246,Customer 246,M,44,Kolkata,Fixed Deposit,2021-08-21
CUST00247,Customer 247,M,45,Ahmedabad,Salary,2025-10-10
CUST00248,Customer 248,M,61,Chennai,Salary,2024-02-29
CUST00249,Customer 249,M,62,Bangalore,Fixed Deposit,2025-05-11
CUST00250,Customer 250,M,32,Ahmedabad,Salary,2025-02-16
CUST00251,Customer 251,M,49,Kolkata,Salary,2023-11-14
CUST00252,Customer 252,F,26,Delhi,Salary,2022-09-28
CUST00253,Customer 253,M,74,Ahmedabad,Current,2025-07-13
CUST00254,Customer 254,F,63,Delhi,Current,2021-11-13
CUST00255,Customer 255,M,72,Pune,Current,2025-01-29
CUST00256,Customer 256,M,61,Pune,Salary,2024-10-31
CUST00257,Customer 257,F,59,Hyderabad,Salary,2023-06-17
CUST00258,Customer 258,M,21,Mumbai,Savings,2021-12-31
CUST00259,Customer 259,F,64,Chennai,Current,2021-01-29
CUST00260,Customer 260,F,24,Delhi,Current,2025-03-14
CUST00261,Customer 261,F,73,Pune,Salary,2025-09-24
CUST00262,Customer 262,F,44,Delhi,Salary,2025-01-07
CUST00263,Customer 263,M,42,Hyderabad,Current,2023-08-23
CUST00264,Customer 264,M,74,Delhi,Current,2025-06-27
CUST00265,Customer 265,F,47,Bangalore,Current,2021-10-22
CUST00266,Customer 266,M,56,Pune,Savings,2024-12-27
CUST00267,Customer 267,M,49,Ahmedabad,Savings,2023-01-30
CUST00268,Customer 268,F,61,Delhi,Current,2025-08-16
CUST00269,Customer 269,M,19,Delhi,Current,2021-02-16
CUST00270,Customer 270,F,40,Delhi,Savings,2023-01-31
CUST00271,Customer 271,F,31,Mumbai,Current,2022-02-03
CUST00272,Customer 272,M,22,Pune,Savings,2024-12-06
CUST00273,Customer 273,M,30,Delhi,Savings,2023-04-27
CUST00274,Customer 274,F,45,Hyderabad,Savings,2022-07-15
CUST00275,Customer 275,M,26,Pune,Savings,2020-12-08
CUST00276,Customer 276,F,63,Mumbai,Current,2021-12-02
CUST00277,Customer 277,M,71,Ahmedabad,Fixed Deposit,2025-11-01
CUST00278,Customer 278,F,31,Chennai,Savings,2023-06-04
CUST00279,Customer 279,M,33,Hyderabad,Salary,2023-01-08
CUST00280,Customer 280,M,47,Bangalore,Savings,2025-06-27
CUST00281,Customer 281,F,63,Kolkata,Savings,2022-06-18
CUST00282,Customer 282,F,20,Kolkata,Salary,2025-10-15
CUST00283,Customer 283,F,58,Chennai,Current,2022-09-12
CUST00284,Customer 284,M,46,Hyderabad,Salary,2025-01-12
CUST00285,Customer 285,M,72,Hyderabad,Fixed Deposit,2021-09-01
CUST00286,Customer 286,M,69,Ahmedabad,Fixed Deposit,2021-04-08
CUST00287,Customer 287,F,32,Pune,Salary,2023-06-26
CUST00288,Customer 288,M,18,Pune,Current,2024-05-30
CUST00289,Customer 289,F,67,Ahmedabad,Current,2021-05-26
CUST00290,Customer 290,F,53,Delhi,Fixed Deposit,2024-10-09
CUST00291,Customer 291,F,36,Pune,Savings,2025-10-03
CUST00292,Customer 292,M,57,Bangalore,Savings,2021-02-28
CUST00293,Customer 293,M,49,Delhi,Current,2022-11-02
CUST00294,Customer 294,F,34,Hyderabad,Salary,2025-07-16
CUST00295,Customer 295,F,51,Delhi,Savings,2023-04-09
CUST00296,Customer 296,F,53,Kolkata,Savings,2022-07-12
CUST00297,Customer 297,M,59,Chennai,Savings,2022-05-29
CUST00298,Customer 298,M,57,Hyderabad,Savings,2022-10-31
CUST00299,Customer 299,F,26,Ahmedabad,Current,2022-03-24
CUST00300,Customer 300,F,39,Bangalore,Current,2022-01-11
CUST00301,Customer 301,F,61,Bangalore,Savings,2024-04-02
CUST00302,Customer 302,M,64,Ahmedabad,Fixed Deposit,2024-06-28
CUST00303,Customer 303,F,22,Kolkata,Savings,2025-05-17
CUST00304,Customer 304,F,56,Kolkata,Fixed Deposit,2025-03-23
CUST00305,Customer 305,M,34,Pune,Current,2021-08-25
CUST00306,Customer 306,M,62,Bangalore,Current,2021-03-01
CUST00307,Customer 307,M,29,Mumbai,Savings,2023-10-13
CUST00308,Customer 308,F,67,Ahmedabad,Fixed Deposit,2025-01-29
CUST00309,Customer 309,M,20,Kolkata,Salary,2021-09-06
CUST00310,Customer 310,F,18,Kolkata,Fixed Deposit,2022-08-27
CUST00311,Customer 311,F,68,Kolkata,Fixed Deposit,2024-03-28
CUST00312,Customer 312,M,42,Mumbai,Fixed Deposit,2024-08-05
CUST00313,Customer 313,F,21,Pune,Current,2023-08-19
CUST00314,Customer 314,F,54,Bangalore,Fixed Deposit,2024-01-25
CUST00315,Customer 315,M,49,Chennai,Fixed Deposit,2024-05-25
CUST00316,Customer 316,F,53,Bangalore,Savings,2024-03-15
CUST00317,Customer 317,M,41,Chennai,Savings,2021-11-02
CUST00318,Customer 318,M,53,Mumbai,Savings,2021-02-11
CUST00319,Customer 319,M,58,Pune,Current,2021-07-19
CUST00320,Customer 320,M,42,Chennai,Fixed Deposit,2021-03-26
CUST00321,Customer 321,M,30,Delhi,Salary,2024-03-12
CUST00322,Customer 322,F,71,Mumbai,Salary,2022-08-29
CUST00323,Customer 323,M,44,Mumbai,Current,2024-06-07
CUST00324,Customer 324,M,41,Mumbai,Savings,2021-11-27
CUST00325,Customer 325,F,22,Chennai,Savings,2024-05-25
CUST00326,Customer 326,M,18,Ahmedabad,Fixed Deposit,2025-06-03
CUST00327,Customer 327,F,19,Bangalore,Current,2025-08-14
CUST00328,Customer 328,M,37,Pune,Current,2021-02-08
CUST00329,Customer 329,M,24,Hyderabad,Savings,2024-06-21
CUST00330,Customer 330,M,64,Kolkata,Current,2025-05-08
CUST00331,Customer 331,M,49,Kolkata,Current,2025-03-07
CUST00332,Customer 332,F,24,Mumbai,Current,2024-10-12
CUST00333,Customer 333,F,54,Hyderabad,Current,2025-02-03
CUST00334,Customer 334,M,68,Pune,Fixed Deposit,2023-06-03
CUST00335,Customer 335,M,44,Delhi,Savings,2025-05-16
CUST00336,Customer 336,F,44,Hyderabad,Savings,2024-05-17
CUST00337,Customer 337,M,57,Hyderabad,Salary,2021-02-05
CUST00338,Customer 338,M,40,Hyderabad,Savings,2025-08-21
CUST00339,Customer 339,M,45,Bangalore,Fixed Deposit,2025-08-12
CUST00340,Customer 340,M,34,Mumbai,Savings,2024-03-04
CUST00341,Customer 341,F,38,Bangalore,Salary,2021-08-21
CUST00342,Customer 342,M,45,Hyderabad,Current,2022-06-30
CUST00343,Customer 343,F,42,Ahmedabad,Fixed Deposit,2023-08-26
CUST00344,Customer 344,F,41,Delhi,Savings,2024-03-18
CUST00345,Customer 345,M,66,Hyderabad,Fixed Deposit,2022-03-11
CUST00346,Customer 346,F,19,Chennai,Current,2022-10-15
CUST00347,Customer 347,M,34,Mumbai,Savings,2025-06-14
CUST00348,Customer 348,F,26,Mumbai,Fixed Deposit,2023-05-09
CUST00349,Customer 349,F,49,Ahmedabad,Salary,2025-02-18
CUST00350,Customer 350,M,71,Pune,Savings,2023-08-22
CUST00351,Customer 351,M,58,Pune,Savings,2021-06-24
CUST00352,Customer 352,F,38,Pune,Salary,2025-04-23
CUST00353,Customer 353,M,37,Pune,Fixed Deposit,2023-02-10
CUST00354,Customer 354,F,55,Kolkata,Fixed Deposit,2022-06-01
CUST00355,Customer 355,M,69,Ahmedabad,Current,2024-11-18
CUST00356,Customer 356,F,21,Chennai,Current,2022-04-23
CUST00357,Customer 357,F,34,Chennai,Fixed Deposit,2024-12-14
CUST00358,Customer 358,F,38,Delhi,Salary,2025-06-18
CUST00359,Customer 359,F,21,Hyderabad,Salary,2021-10-11
CUST00360,Customer 360,F,21,Mumbai,Current,2021-02-12
CUST00361,Customer 361,M,58,Pune,Salary,2023-02-23
CUST00362,Customer 362,F,31,Chennai,Salary,2023-04-23
CUST00363,Customer 363,M,56,Pune,Salary,2022-05-26
CUST00364,Customer 364,M,23,Mumbai,Current,2024-03-28
CUST00365,Customer 365,M,25,Pune,Fixed Deposit,2024-10-20
CUST00366,Customer 366,M,24,Chennai,Savings,2025-06-03
CUST00367,Customer 367,F,24,Kolkata,Fixed Deposit,2024-01-26
CUST00368,Customer 368,M,60,Kolkata,Savings,2021-05-24
CUST00369,Customer 369,M,28,Ahmedabad,Savings,2022-01-26
CUST00370,Customer 370,M,51,Mumbai,Salary,2025-10-23
CUST00371,Customer 371,M,23,Chennai,Salary,2023-07-04
CUST00372,Customer 372,F,61,Chennai,Current,2023-09-11
CUST00373,Customer 373,F,27,Delhi,Savings,2023-06-30
CUST00374,Customer 374,M,65,Bangalore,Salary,2021-02-18
CUST00375,Customer 375,M,24,Mumbai,Current,2024-03-14
CUST00376,Customer 376,M,66,Pune,Savings,2024-03-13
CUST00377,Customer 377,F,56,Bangalore,Fixed Deposit,2022-10-13
CUST00378,Customer 378,M,53,Kolkata,Savings,2021-06-30
CUST00379,Customer 379,M,26,Delhi,Salary,2025-09-09
CUST00380,Customer 380,M,65,Mumbai,Fixed Deposit,2022-11-19
CUST00381,Customer 381,M,46,Chennai,Savings,2022-02-14
CUST00382,Customer 382,M,65,Ahmedabad,Savings,2022-08-13
CUST00383,Customer 383,M,29,Ahmedabad,Current,2024-03-12
CUST00384,Customer 384,M,41,Chennai,Savings,2025-03-05
CUST00385,Customer 385,M,64,Pune,Salary,2022-01-26
CUST00386,Customer 386,F,24,Mumbai,Fixed Deposit,2022-11-20
CUST00387,Customer 387,F,49,Bangalore,Salary,2025-07-05
CUST00388,Customer 388,F,30,Delhi,Salary,2025-02-18
CUST00389,Customer 389,F,64,Mumbai,Salary,2023-08-25
CUST00390,Customer 390,F,47,Mumbai,Salary,2021-09-24
CUST00391,Customer 391,F,41,Mumbai,Current,2022-06-29
CUST00392,Customer 392,M,42,Bangalore,Savings,2025-02-12
CUST00393,Customer 393,M,74,Delhi,Current,2022-10-17
CUST00394,Customer 394,M,52,Hyderabad,Savings,2020-12-20
CUST00395,Customer 395,F,22,Hyderabad,Salary,2025-08-27
CUST00396,Customer 396,F,34,Hyderabad,Current,2020-12-17
CUST00397,Customer 397,M,68,Mumbai,Salary,2020-12-09
CUST00398,Customer 398,M,48,Kolkata,Salary,2022-05-08
CUST00399,Customer 399,F,32,Chennai,Fixed Deposit,2023-01-25
CUST00400,Customer 400,M,57,Delhi,Fixed Deposit,2022-11-11
CUST00401,Customer 401,F,61,Chennai,Fixed Deposit,2021-08-26
CUST00402,Customer 402,M,53,Ahmedabad,Current,2021-07-11
CUST00403,Customer 403,M,38,Bangalore,Fixed Deposit,2021-11-09
CUST00404,Customer 404,F,64,Ahmedabad,Fixed Deposit,2021-11-07
CUST00405,Customer 405,M,53,Kolkata,Current,2021-05-01
CUST00406,Customer 406,F,37,Hyderabad,Fixed Deposit,2022-06-18
CUST00407,Customer 407,F,68,Mumbai,Current,2023-12-21
CUST00408,Customer 408,F,19,Mumbai,Current,2023-04-06
CUST00409,Customer 409,F,59,Mumbai,Savings,2025-02-01
CUST00410,Customer 410,M,22,Kolkata,Savings,2024-03-23
CUST00411,Customer 411,F,34,Bangalore,Current,2023-08-30
CUST00412,Customer 412,M,47,Hyderabad,Current,2020-11-28
CUST00413,Customer 413,F,36,Delhi,Current,2023-01-25
CUST00414,Customer 414,M,59,Pune,Savings,2025-10-21
CUST00415,Customer 415,M,25,Pune,Salary,2021-10-18
CUST00416,Customer 416,M,62,Hyderabad,Savings,2024-08-10
CUST00417,Customer 417,M,47,Hyderabad,Salary,2025-02-15
CUST00418,Customer 418,F,55,Pune,Current,2025-03-13
CUST00419,Customer 419,M,57,Ahmedabad,Fixed Deposit,2022-02-10
CUST00420,Customer 420,M,23,Ahmedabad,Salary,2023-06-29
CUST00421,Customer 421,M,61,Hyderabad,Savings,2025-09-20
CUST00422,Customer 422,M,70,Mumbai,Savings,2024-10-30
CUST00423,Customer 423,F,69,Hyderabad,Salary,2023-02-15
CUST00424,Customer 424,F,40,Delhi,Savings,2021-06-24
CUST00425,Customer 425,F,42,Bangalore,Salary,2023-03-28
CUST00426,Customer 426,F,73,Bangalore,Salary,2021-02-03
CUST00427,Customer 427,M,68,Delhi,Fixed Deposit,2024-02-14
CUST00428,Customer 428,F,62,Hyderabad,Salary,2024-10-06
CUST00429,Customer 429,M,29,Pune,Salary,2025-03-19
CUST00430,Customer 430,M,27,Pune,Current,2023-10-24
CUST00431,Customer 431,F,60,Delhi,Fixed Deposit,2022-12-02
CUST00432,Customer 432,M,61,Kolkata,Fixed Deposit,2023-07-14
CUST00433,Customer 433,M,59,Mumbai,Savings,2022-01-05
CUST00434,Customer 434,M,34,Mumbai,Fixed Deposit,2021-02-27
CUST00435,Customer 435,F,58,Pune,Salary,2021-10-09
CUST00436,Customer 436,M,29,Ahmedabad,Savings,2025-01-27
CUST00437,Customer 437,M,19,Chennai,Fixed Deposit,2023-01-13
CUST00438,Customer 438,M,50,Bangalore,Fixed Deposit,2021-02-16
CUST00439,Customer 439,M,28,Delhi,Salary,2023-01-25
CUST00440,Customer 440,M,30,Mumbai,Salary,2024-02-20
CUST00441,Customer 441,M,39,Bangalore,Fixed Deposit,2024-03-11
CUST00442,Customer 442,F,29,Chennai,Current,2024-07-04
CUST00443,Customer 443,F,49,Ahmedabad,Salary,2023-12-09
CUST00444,Customer 444,M,57,Mumbai,Fixed Deposit,2022-01-25
CUST00445,Customer 445,F,30,Hyderabad,Fixed Deposit,2021-05-14
CUST00446,Customer 446,F,65,Mumbai,Fixed Deposit,2021-04-30
CUST00447,Customer 447,M,48,Pune,Fixed Deposit,2023-03-19
CUST00448,Customer 448,M,44,Kolkata,Current,2021-09-09
CUST00449,Customer 449,F,45,Hyderabad,Savings,2020-11-28
CUST00450,Customer 450,M,63,Bangalore,Savings,2020-12-07
CUST00451,Customer 451,F,36,Mumbai,Current,2025-03-29
CUST00452,Customer 452,M,37,Bangalore,Current,2021-07-15
CUST00453,Customer 453,F,75,Mumbai,Fixed Deposit,2022-02-02
CUST00454,Customer 454,M,73,Pune,Savings,2020-12-19
CUST00455,Customer 455,F,56,Bangalore,Fixed Deposit,2025-02-25
CUST00456,Customer 456,M,30,Ahmedabad,Current,2023-07-13
CUST00457,Customer 457,M,19,Pune,Current,2022-04-01
CUST00458,Customer 458,F,66,Chennai,Salary,2023-08-26
CUST00459,Customer 459,F,43,Delhi,Savings,2021-11-07
CUST00460,Customer 460,F,70,Ahmedabad,Fixed Deposit,2022-12-10
CUST00461,Customer 461,F,36,Hyderabad,Salary,2024-03-09
CUST00462,Customer 462,F,30,Bangalore,Salary,2024-05-17
CUST00463,Customer 463,F,34,Bangalore,Current,2021-10-20
CUST00464,Customer 464,M,28,Bangalore,Current,2024-02-01
CUST00465,Customer 465,M,28,Pune,Salary,2020-12-02
CUST00466,Customer 466,M,26,Chennai,Fixed Deposit,2024-08-06
CUST00467,Customer 467,M,63,Delhi,Fixed Deposit,2024-11-13
CUST00468,Customer 468,F,48,Kolkata,Salary,2022-03-30
CUST00469,Customer 469,M,63,Bangalore,Savings,2023-06-16
CUST00470,Customer 470,M,40,Ahmedabad,Salary,2022-03-01
CUST00471,Customer 471,F,36,Pune,Savings,2022-04-27
CUST00472,Customer 472,M,59,Chennai,Salary,2025-04-29
CUST00473,Customer 473,M,41,Hyderabad,Salary,2023-06-22
CUST00474,Customer 474,F,46,Mumbai,Fixed Deposit,2023-05-07
CUST00475,Customer 475,F,42,Mumbai,Savings,2024-09-07
CUST00476,Customer 476,F,56,Hyderabad,Salary,2022-06-13
CUST00477,Customer 477,M,27,Chennai,Salary,2022-04-09
CUST00478,Customer 478,F,32,Chennai,Current,2022-06-21
CUST00479,Customer 479,M,59,Bangalore,Savings,2024-07-08
CUST00480,Customer 480,M,52,Ahmedabad,Current,2021-09-15
CUST00481,Customer 481,M,63,Chennai,Salary,2023-08-31
CUST00482,Customer 482,F,64,Delhi,Savings,2025-03-28
CUST00483,Customer 483,M,36,Chennai,Savings,2024-03-28
CUST00484,Customer 484,F,33,Mumbai,Salary,2022-06-05
CUST00485,Customer 485,F,55,Chennai,Current,2023-12-27
CUST00486,Customer 486,M,43,Chennai,Current,2021-03-12
CUST00487,Customer 487,M,46,Chennai,Savings,2021-10-25
CUST00488,Customer 488,F,38,Kolkata,Current,2023-03-07
CUST00489,Customer 489,M,40,Kolkata,Salary,2021-01-20
CUST00490,Customer 490,M,45,Kolkata,Salary,2022-11-28
CUST00491,Customer 491,F,62,Chennai,Fixed Deposit,2025-05-15
CUST00492,Customer 492,F,68,Chennai,Fixed Deposit,2023-04-10
CUST00493,Customer 493,F,21,Delhi,Savings,2025-06-28
CUST00494,Customer 494,M,24,Hyderabad,Fixed Deposit,2025-05-14
CUST00495,Customer 495,F,63,Kolkata,Salary,2024-07-17
CUST00496,Customer 496,M,21,Pune,Current,2024-12-03
CUST00497,Customer 497,F,27,Delhi,Fixed Deposit,2023-02-07
CUST00498,Customer 498,M,63,Pune,Savings,2025-09-01
CUST00499,Customer 499,F,48,Bangalore,Current,2025-08-14
CUST00500,Customer 500,M,39,Pune,Savings,2023-10-13
